-- MySQL Script generated by MySQL Workbench
-- Thu May 18 03:20:09 2017
-- Model: New Model    Version: 1.0
-- MySQL Workbench Forward Engineering

SET @OLD_UNIQUE_CHECKS=@@UNIQUE_CHECKS, UNIQUE_CHECKS=0;
SET @OLD_FOREIGN_KEY_CHECKS=@@FOREIGN_KEY_CHECKS, FOREIGN_KEY_CHECKS=0;
SET @OLD_SQL_MODE=@@SQL_MODE, SQL_MODE='TRADITIONAL,ALLOW_INVALID_DATES';

-- -----------------------------------------------------
-- Schema my_uni
-- -----------------------------------------------------

-- -----------------------------------------------------
-- Schema my_uni
-- -----------------------------------------------------
CREATE SCHEMA IF NOT EXISTS `my_uni` DEFAULT CHARACTER SET utf8 ;
USE `my_uni` ;

-- -----------------------------------------------------
-- Table `my_uni`.`department`
-- -----------------------------------------------------
CREATE TABLE IF NOT EXISTS `my_uni`.`department` (
  `id` INT NOT NULL AUTO_INCREMENT,
  `created_at` TIMESTAMP NOT NULL DEFAULT CURRENT_TIMESTAMP,
  `updated_at` TIMESTAMP NOT NULL DEFAULT CURRENT_TIMESTAMP ON UPDATE CURRENT_TIMESTAMP,
  `name` VARCHAR(32) NOT NULL,
  `description` VARCHAR(256) NULL,
  PRIMARY KEY (`id`))
ENGINE = InnoDB;


-- -----------------------------------------------------
-- Table `my_uni`.`permission`
-- -----------------------------------------------------
CREATE TABLE IF NOT EXISTS `my_uni`.`permission` (
  `id` INT NOT NULL AUTO_INCREMENT,
  `created_at` TIMESTAMP NOT NULL DEFAULT CURRENT_TIMESTAMP,
  `updated_at` TIMESTAMP NOT NULL DEFAULT CURRENT_TIMESTAMP ON UPDATE CURRENT_TIMESTAMP,
  `create_self` TINYINT(1) NOT NULL,
  `read_self` TINYINT(1) NOT NULL,
  `update_self` TINYINT(1) NOT NULL,
  `delete_self` TINYINT(1) NOT NULL,
  `create_others` TINYINT(1) NOT NULL,
  `read_others` TINYINT(1) NOT NULL,
  `update_others` TINYINT(1) NOT NULL,
  `delete_others` TINYINT(1) NOT NULL,
  PRIMARY KEY (`id`))
ENGINE = InnoDB;


-- -----------------------------------------------------
-- Table `my_uni`.`user_role`
-- -----------------------------------------------------
CREATE TABLE IF NOT EXISTS `my_uni`.`user_role` (
  `id` INT NOT NULL AUTO_INCREMENT,
  `created_at` TIMESTAMP NOT NULL DEFAULT CURRENT_TIMESTAMP,
  `updated_at` TIMESTAMP NOT NULL DEFAULT CURRENT_TIMESTAMP ON UPDATE CURRENT_TIMESTAMP,
  `name` VARCHAR(32) NOT NULL,
  `description` VARCHAR(256) NULL,
  `is_staff` TINYINT(1) NOT NULL,
  `can_edit_options` TINYINT(1) NOT NULL,
  `user_role` INT NOT NULL,
  `user` INT NOT NULL,
  `department` INT NOT NULL,
  `course` INT NOT NULL,
  `semester` INT NOT NULL,
  `course_offering` INT NOT NULL,
  `group` INT NOT NULL,
  `semester_enrollment` INT NOT NULL,
  `cource_offering_enrollment` INT NOT NULL,
  PRIMARY KEY (`id`),
  INDEX `fk_user_role_permission1_idx` (`user_role` ASC),
  INDEX `fk_user_role_permission2_idx` (`cource_offering_enrollment` ASC),
  INDEX `fk_user_role_permission3_idx` (`user` ASC),
  INDEX `fk_user_role_permission4_idx` (`department` ASC),
  INDEX `fk_user_role_permission5_idx` (`course` ASC),
  INDEX `fk_user_role_permission6_idx` (`semester` ASC),
  INDEX `fk_user_role_permission7_idx` (`course_offering` ASC),
  INDEX `fk_user_role_permission8_idx` (`group` ASC),
  INDEX `fk_user_role_permission9_idx` (`semester_enrollment` ASC),
  CONSTRAINT `fk_user_role_permission1`
    FOREIGN KEY (`user_role`)
    REFERENCES `my_uni`.`permission` (`id`)
    ON DELETE CASCADE
    ON UPDATE CASCADE,
  CONSTRAINT `fk_user_role_permission2`
    FOREIGN KEY (`cource_offering_enrollment`)
    REFERENCES `my_uni`.`permission` (`id`)
    ON DELETE CASCADE
    ON UPDATE CASCADE,
  CONSTRAINT `fk_user_role_permission3`
    FOREIGN KEY (`user`)
    REFERENCES `my_uni`.`permission` (`id`)
    ON DELETE CASCADE
    ON UPDATE CASCADE,
  CONSTRAINT `fk_user_role_permission4`
    FOREIGN KEY (`department`)
    REFERENCES `my_uni`.`permission` (`id`)
    ON DELETE CASCADE
    ON UPDATE CASCADE,
  CONSTRAINT `fk_user_role_permission5`
    FOREIGN KEY (`course`)
    REFERENCES `my_uni`.`permission` (`id`)
    ON DELETE CASCADE
    ON UPDATE CASCADE,
  CONSTRAINT `fk_user_role_permission6`
    FOREIGN KEY (`semester`)
    REFERENCES `my_uni`.`permission` (`id`)
    ON DELETE CASCADE
    ON UPDATE CASCADE,
  CONSTRAINT `fk_user_role_permission7`
    FOREIGN KEY (`course_offering`)
    REFERENCES `my_uni`.`permission` (`id`)
    ON DELETE CASCADE
    ON UPDATE CASCADE,
  CONSTRAINT `fk_user_role_permission8`
    FOREIGN KEY (`group`)
    REFERENCES `my_uni`.`permission` (`id`)
    ON DELETE CASCADE
    ON UPDATE CASCADE,
  CONSTRAINT `fk_user_role_permission9`
    FOREIGN KEY (`semester_enrollment`)
    REFERENCES `my_uni`.`permission` (`id`)
    ON DELETE CASCADE
    ON UPDATE CASCADE)
ENGINE = InnoDB;


-- -----------------------------------------------------
-- Table `my_uni`.`user`
-- -----------------------------------------------------
CREATE TABLE IF NOT EXISTS `my_uni`.`user` (
  `id` INT NOT NULL AUTO_INCREMENT,
  `created_at` TIMESTAMP NOT NULL DEFAULT CURRENT_TIMESTAMP,
  `updated_at` TIMESTAMP NOT NULL DEFAULT CURRENT_TIMESTAMP ON UPDATE CURRENT_TIMESTAMP,
  `name` VARCHAR(32) NOT NULL,
  `email` VARCHAR(254) NOT NULL,
  `birth_date` DATE NULL,
  `password` CHAR(60) NOT NULL,
  `gender` INT(1) NULL,
  `phone` INT(15) NOT NULL,
  `department_id` INT NULL,
  `user_role_id` INT NOT NULL,
  `email_valid` TINYINT(1) NULL,
  `phone_valid` TINYINT(1) NULL,
  PRIMARY KEY (`id`),
  UNIQUE INDEX `id_UNIQUE` (`id` ASC),
  UNIQUE INDEX `email_UNIQUE` (`email` ASC),
  UNIQUE INDEX `phone_UNIQUE` (`phone` ASC),
  INDEX `fk_user_department1_idx` (`department_id` ASC),
  INDEX `fk_user_user_role1_idx` (`user_role_id` ASC),
  CONSTRAINT `fk_user_department1`
    FOREIGN KEY (`department_id`)
    REFERENCES `my_uni`.`department` (`id`)
    ON DELETE RESTRICT
    ON UPDATE CASCADE,
  CONSTRAINT `fk_user_user_role1`
    FOREIGN KEY (`user_role_id`)
    REFERENCES `my_uni`.`user_role` (`id`)
    ON DELETE RESTRICT
    ON UPDATE CASCADE)
ENGINE = InnoDB;


-- -----------------------------------------------------
-- Table `my_uni`.`course`
-- -----------------------------------------------------
CREATE TABLE IF NOT EXISTS `my_uni`.`course` (
  `id` INT NOT NULL AUTO_INCREMENT,
  `created_at` TIMESTAMP NOT NULL DEFAULT CURRENT_TIMESTAMP,
  `updated_at` TIMESTAMP NOT NULL DEFAULT CURRENT_TIMESTAMP ON UPDATE CURRENT_TIMESTAMP,
  `name` VARCHAR(64) NOT NULL,
  `code` VARCHAR(16) NOT NULL,
  `description` VARCHAR(256) NULL,
  `credit_hours` INT NOT NULL,
  `level` INT NULL,
  `department_id` INT NOT NULL,
  PRIMARY KEY (`id`),
  UNIQUE INDEX `code_UNIQUE` (`code` ASC),
  INDEX `fk_cource_department1_idx` (`department_id` ASC),
  CONSTRAINT `fk_course_department1`
    FOREIGN KEY (`department_id`)
    REFERENCES `my_uni`.`department` (`id`)
    ON DELETE NO ACTION
    ON UPDATE NO ACTION)
ENGINE = InnoDB;


-- -----------------------------------------------------
-- Table `my_uni`.`prerequisite`
-- -----------------------------------------------------
CREATE TABLE IF NOT EXISTS `my_uni`.`prerequisite` (
  `course_id` INT NOT NULL,
  `prerequisite_id` INT NOT NULL,
  `created_at` TIMESTAMP NOT NULL DEFAULT CURRENT_TIMESTAMP,
  `updated_at` TIMESTAMP NOT NULL DEFAULT CURRENT_TIMESTAMP ON UPDATE CURRENT_TIMESTAMP,
  PRIMARY KEY (`course_id`, `prerequisite_id`),
  INDEX `fk_cource_has_cource_cource2_idx` (`prerequisite_id` ASC),
  INDEX `fk_cource_has_cource_cource1_idx` (`course_id` ASC),
  CONSTRAINT `fk_cource_has_cource_cource1`
    FOREIGN KEY (`course_id`)
    REFERENCES `my_uni`.`course` (`id`)
    ON DELETE RESTRICT
    ON UPDATE CASCADE,
  CONSTRAINT `fk_cource_has_cource_cource2`
    FOREIGN KEY (`prerequisite_id`)
    REFERENCES `my_uni`.`course` (`id`)
    ON DELETE CASCADE
    ON UPDATE CASCADE)
ENGINE = InnoDB;


-- -----------------------------------------------------
-- Table `my_uni`.`semester`
-- -----------------------------------------------------
CREATE TABLE IF NOT EXISTS `my_uni`.`semester` (
  `id` INT NOT NULL AUTO_INCREMENT,
  `created_at` TIMESTAMP NOT NULL DEFAULT CURRENT_TIMESTAMP,
  `updated_at` TIMESTAMP NOT NULL DEFAULT CURRENT_TIMESTAMP ON UPDATE CURRENT_TIMESTAMP,
  `year` YEAR NOT NULL,
  `name` VARCHAR(10) NOT NULL,
  `max_credit_hour` INT NULL,
  `start_date` DATE NULL,
  `end_date` DATE NULL,
  `registration_start_date` DATE NULL,
  `registration_end_date` DATE NULL,
  `department_id` INT NOT NULL,
  PRIMARY KEY (`id`),
  INDEX `fk_Semester_department1_idx` (`department_id` ASC),
  UNIQUE INDEX `year_semester_UNIQUE` (`year` ASC, `name` ASC),
  CONSTRAINT `fk_Semester_department1`
    FOREIGN KEY (`department_id`)
    REFERENCES `my_uni`.`department` (`id`)
    ON DELETE NO ACTION
    ON UPDATE NO ACTION)
ENGINE = InnoDB;


-- -----------------------------------------------------
-- Table `my_uni`.`course_offering`
-- -----------------------------------------------------
CREATE TABLE IF NOT EXISTS `my_uni`.`course_offering` (
  `id` INT NOT NULL AUTO_INCREMENT,
  `created_at` TIMESTAMP NOT NULL DEFAULT CURRENT_TIMESTAMP,
  `updated_at` TIMESTAMP NOT NULL DEFAULT CURRENT_TIMESTAMP ON UPDATE CURRENT_TIMESTAMP,
  `course_id` INT NOT NULL,
  `semester_id` INT NOT NULL,
  PRIMARY KEY (`id`),
  INDEX `fk_cource_offering_cource1_idx` (`course_id` ASC),
  INDEX `fk_course_offering_semester1_idx` (`semester_id` ASC),
  CONSTRAINT `fk_course_offering_cource1`
    FOREIGN KEY (`course_id`)
    REFERENCES `my_uni`.`course` (`id`)
    ON DELETE RESTRICT
    ON UPDATE CASCADE,
  CONSTRAINT `fk_course_offering_semester1`
    FOREIGN KEY (`semester_id`)
    REFERENCES `my_uni`.`semester` (`id`)
    ON DELETE RESTRICT
    ON UPDATE CASCADE)
ENGINE = InnoDB;


-- -----------------------------------------------------
-- Table `my_uni`.`group`
-- -----------------------------------------------------
CREATE TABLE IF NOT EXISTS `my_uni`.`group` (
  `id` INT NOT NULL AUTO_INCREMENT,
  `created_at` TIMESTAMP NOT NULL DEFAULT CURRENT_TIMESTAMP,
  `updated_at` TIMESTAMP NOT NULL DEFAULT CURRENT_TIMESTAMP ON UPDATE CURRENT_TIMESTAMP,
  `name` VARCHAR(32) NULL,
  `max_students` INT NULL,
  `slot` INT(1) NULL,
  `day_of_week` INT(1) NULL,
  `course_offering_id` INT NOT NULL,
  `group_id` INT NULL,
  PRIMARY KEY (`id`),
  INDEX `fk_Group_cource_offering1_idx` (`course_offering_id` ASC),
  INDEX `fk_Group_Group1_idx` (`group_id` ASC),
  CONSTRAINT `fk_Group_course_offering1`
    FOREIGN KEY (`course_offering_id`)
    REFERENCES `my_uni`.`course_offering` (`id`)
    ON DELETE RESTRICT
    ON UPDATE CASCADE,
  CONSTRAINT `fk_Group_Group1`
    FOREIGN KEY (`group_id`)
    REFERENCES `my_uni`.`group` (`id`)
    ON DELETE CASCADE
    ON UPDATE CASCADE)
ENGINE = InnoDB;


-- -----------------------------------------------------
-- Table `my_uni`.`semester_enrollment`
-- -----------------------------------------------------
CREATE TABLE IF NOT EXISTS `my_uni`.`semester_enrollment` (
  `id` INT NOT NULL AUTO_INCREMENT,
  `created_at` TIMESTAMP NOT NULL DEFAULT CURRENT_TIMESTAMP,
  `updated_at` TIMESTAMP NOT NULL DEFAULT CURRENT_TIMESTAMP ON UPDATE CURRENT_TIMESTAMP,
  `user_id` INT NOT NULL,
  `semester_id` INT NOT NULL,
  PRIMARY KEY (`id`),
  INDEX `fk_enrollment_user1_idx` (`user_id` ASC),
  INDEX `fk_enrollment_semester1_idx` (`semester_id` ASC),
  CONSTRAINT `fk_enrollment_user1`
    FOREIGN KEY (`user_id`)
    REFERENCES `my_uni`.`user` (`id`)
    ON DELETE CASCADE
    ON UPDATE CASCADE,
  CONSTRAINT `fk_enrollment_semester1`
    FOREIGN KEY (`semester_id`)
    REFERENCES `my_uni`.`semester` (`id`)
    ON DELETE RESTRICT
    ON UPDATE CASCADE)
ENGINE = InnoDB;


-- -----------------------------------------------------
-- Table `my_uni`.`course_offering_enrollment`
-- -----------------------------------------------------
CREATE TABLE IF NOT EXISTS `my_uni`.`course_offering_enrollment` (
  `id` INT NOT NULL AUTO_INCREMENT,
  `created_at` TIMESTAMP NOT NULL DEFAULT CURRENT_TIMESTAMP,
  `updated_at` TIMESTAMP NOT NULL DEFAULT CURRENT_TIMESTAMP ON UPDATE CURRENT_TIMESTAMP,
  `course_offering_id` INT NOT NULL,
  `group_id` INT NOT NULL,
  `section_id` INT NULL,
  `total_grade` INT NULL DEFAULT NULL,
  `letter_grade` CHAR(2) NULL DEFAULT NULL,
  `user_id` INT NOT NULL,
  `semester_id` INT NOT NULL,
  INDEX `fk_enrollment_has_group_group1_idx` (`group_id` ASC),
  PRIMARY KEY (`id`),
  INDEX `fk_enrollment_has_group_course_offering1_idx` (`course_offering_id` ASC),
  INDEX `fk_enrollment_has_group_group2_idx` (`section_id` ASC),
  UNIQUE INDEX `enrollment_id_and_course_UNIQUE` (`course_offering_id` ASC),
  INDEX `fk_course_offering_enrollment_user1_idx` (`user_id` ASC),
  INDEX `fk_course_offering_enrollment_semester1_idx` (`semester_id` ASC),
  CONSTRAINT `fk_enrollment_has_group_group1`
    FOREIGN KEY (`group_id`)
    REFERENCES `my_uni`.`group` (`id`)
    ON DELETE RESTRICT
    ON UPDATE CASCADE,
  CONSTRAINT `fk_enrollment_has_group_course_offering1`
    FOREIGN KEY (`course_offering_id`)
    REFERENCES `my_uni`.`course_offering` (`id`)
    ON DELETE RESTRICT
    ON UPDATE CASCADE,
  CONSTRAINT `fk_enrollment_has_group_group2`
    FOREIGN KEY (`section_id`)
    REFERENCES `my_uni`.`group` (`id`)
    ON DELETE RESTRICT
    ON UPDATE CASCADE,
  CONSTRAINT `fk_course_offering_enrollment_user1`
    FOREIGN KEY (`user_id`)
    REFERENCES `my_uni`.`user` (`id`)
    ON DELETE NO ACTION
    ON UPDATE NO ACTION,
  CONSTRAINT `fk_course_offering_enrollment_semester1`
    FOREIGN KEY (`semester_id`)
    REFERENCES `my_uni`.`semester` (`id`)
    ON DELETE NO ACTION
    ON UPDATE NO ACTION)
ENGINE = InnoDB;


-- -----------------------------------------------------
-- Table `my_uni`.`options`
-- -----------------------------------------------------
CREATE TABLE IF NOT EXISTS `my_uni`.`options` (
  `key` VARCHAR(32) NOT NULL,
  `value` VARCHAR(512) NOT NULL,
  `auto_load` TINYINT(1) NOT NULL DEFAULT 0,
  UNIQUE INDEX `name_UNIQUE` (`key` ASC),
  PRIMARY KEY (`key`))
ENGINE = InnoDB;


-- -----------------------------------------------------
-- Table `my_uni`.`course_offering_staff`
-- -----------------------------------------------------
CREATE TABLE IF NOT EXISTS `my_uni`.`course_offering_staff` (
  `user_id` INT NOT NULL,
  `course_offering_id` INT NOT NULL,
  `created_at` TIMESTAMP NOT NULL DEFAULT CURRENT_TIMESTAMP,
  `updated_at` TIMESTAMP NOT NULL DEFAULT CURRENT_TIMESTAMP ON UPDATE CURRENT_TIMESTAMP,
  PRIMARY KEY (`user_id`, `course_offering_id`),
  INDEX `fk_user_has_course_offering_course_offering1_idx` (`course_offering_id` ASC),
  INDEX `fk_user_has_course_offering_user1_idx` (`user_id` ASC),
  CONSTRAINT `fk_user_has_course_offering_user1`
    FOREIGN KEY (`user_id`)
    REFERENCES `my_uni`.`user` (`id`)
    ON DELETE CASCADE
    ON UPDATE CASCADE,
  CONSTRAINT `fk_user_has_course_offering_course_offering1`
    FOREIGN KEY (`course_offering_id`)
    REFERENCES `my_uni`.`course_offering` (`id`)
    ON DELETE CASCADE
    ON UPDATE CASCADE)
ENGINE = InnoDB;


-- -----------------------------------------------------
-- Table `my_uni`.`validation_key`
-- -----------------------------------------------------
CREATE TABLE IF NOT EXISTS `my_uni`.`validation_key` (
  `id` INT NOT NULL AUTO_INCREMENT,
  `created_at` TIMESTAMP NOT NULL DEFAULT CURRENT_TIMESTAMP,
  `updated_at` TIMESTAMP NOT NULL DEFAULT CURRENT_TIMESTAMP ON UPDATE CURRENT_TIMESTAMP,
  `reason` VARCHAR(32) NULL,
  `key` CHAR(64) NULL,
  `user_id` INT NOT NULL,
  `expire_after` TIME NULL,
  PRIMARY KEY (`id`),
  INDEX `fk_validation_key_user1_idx` (`user_id` ASC),
  CONSTRAINT `fk_validation_key_user1`
    FOREIGN KEY (`user_id`)
    REFERENCES `my_uni`.`user` (`id`)
    ON DELETE CASCADE
    ON UPDATE CASCADE)
ENGINE = InnoDB;


SET SQL_MODE=@OLD_SQL_MODE;
SET FOREIGN_KEY_CHECKS=@OLD_FOREIGN_KEY_CHECKS;
SET UNIQUE_CHECKS=@OLD_UNIQUE_CHECKS;

-- -----------------------------------------------------
-- Data for table `my_uni`.`department`
-- -----------------------------------------------------
START TRANSACTION;
USE `my_uni`;
INSERT INTO `my_uni`.`department` (`id`, `created_at`, `updated_at`, `name`, `description`) VALUES (1, DEFAULT, DEFAULT, 'Software Engineering', 'study software engineering');
INSERT INTO `my_uni`.`department` (`id`, `created_at`, `updated_at`, `name`, `description`) VALUES (2, DEFAULT, DEFAULT, 'Computer Science', 'you become Computer Scientist');

COMMIT;


-- -----------------------------------------------------
-- Data for table `my_uni`.`permission`
-- -----------------------------------------------------
START TRANSACTION;
USE `my_uni`;
INSERT INTO `my_uni`.`permission` (`id`, `created_at`, `updated_at`, `create_self`, `read_self`, `update_self`, `delete_self`, `create_others`, `read_others`, `update_others`, `delete_others`) VALUES (1, DEFAULT, DEFAULT, 1, 1, 1, 1, 1, 1, 1, 1);
INSERT INTO `my_uni`.`permission` (`id`, `created_at`, `updated_at`, `create_self`, `read_self`, `update_self`, `delete_self`, `create_others`, `read_others`, `update_others`, `delete_others`) VALUES (2, DEFAULT, DEFAULT, 1, 1, 1, 1, 1, 1, 1, 1);
INSERT INTO `my_uni`.`permission` (`id`, `created_at`, `updated_at`, `create_self`, `read_self`, `update_self`, `delete_self`, `create_others`, `read_others`, `update_others`, `delete_others`) VALUES (3, DEFAULT, DEFAULT, 1, 1, 1, 1, 1, 1, 1, 1);
INSERT INTO `my_uni`.`permission` (`id`, `created_at`, `updated_at`, `create_self`, `read_self`, `update_self`, `delete_self`, `create_others`, `read_others`, `update_others`, `delete_others`) VALUES (4, DEFAULT, DEFAULT, 1, 1, 1, 1, 1, 1, 1, 1);
INSERT INTO `my_uni`.`permission` (`id`, `created_at`, `updated_at`, `create_self`, `read_self`, `update_self`, `delete_self`, `create_others`, `read_others`, `update_others`, `delete_others`) VALUES (5, DEFAULT, DEFAULT, 1, 1, 1, 1, 1, 1, 1, 1);
INSERT INTO `my_uni`.`permission` (`id`, `created_at`, `updated_at`, `create_self`, `read_self`, `update_self`, `delete_self`, `create_others`, `read_others`, `update_others`, `delete_others`) VALUES (6, DEFAULT, DEFAULT, 1, 1, 1, 1, 1, 1, 1, 1);
INSERT INTO `my_uni`.`permission` (`id`, `created_at`, `updated_at`, `create_self`, `read_self`, `update_self`, `delete_self`, `create_others`, `read_others`, `update_others`, `delete_others`) VALUES (7, DEFAULT, DEFAULT, 1, 1, 1, 1, 1, 1, 1, 1);
INSERT INTO `my_uni`.`permission` (`id`, `created_at`, `updated_at`, `create_self`, `read_self`, `update_self`, `delete_self`, `create_others`, `read_others`, `update_others`, `delete_others`) VALUES (8, DEFAULT, DEFAULT, 1, 1, 1, 1, 1, 1, 1, 1);
INSERT INTO `my_uni`.`permission` (`id`, `created_at`, `updated_at`, `create_self`, `read_self`, `update_self`, `delete_self`, `create_others`, `read_others`, `update_others`, `delete_others`) VALUES (9, DEFAULT, DEFAULT, 1, 1, 1, 1, 1, 1, 1, 1);
INSERT INTO `my_uni`.`permission` (`id`, `created_at`, `updated_at`, `create_self`, `read_self`, `update_self`, `delete_self`, `create_others`, `read_others`, `update_others`, `delete_others`) VALUES (10, DEFAULT, DEFAULT, 1, 1, 0, 0, 0, 0, 0, 0);
INSERT INTO `my_uni`.`permission` (`id`, `created_at`, `updated_at`, `create_self`, `read_self`, `update_self`, `delete_self`, `create_others`, `read_others`, `update_others`, `delete_others`) VALUES (11, DEFAULT, DEFAULT, 1, 1, 1, 1, 1, 1, 1, 1);
INSERT INTO `my_uni`.`permission` (`id`, `created_at`, `updated_at`, `create_self`, `read_self`, `update_self`, `delete_self`, `create_others`, `read_others`, `update_others`, `delete_others`) VALUES (12, DEFAULT, DEFAULT, 1, 1, 1, 1, 0, 0, 0, 0);
INSERT INTO `my_uni`.`permission` (`id`, `created_at`, `updated_at`, `create_self`, `read_self`, `update_self`, `delete_self`, `create_others`, `read_others`, `update_others`, `delete_others`) VALUES (13, DEFAULT, DEFAULT, 1, 1, 1, 1, 1, 1, 0, 0);
INSERT INTO `my_uni`.`permission` (`id`, `created_at`, `updated_at`, `create_self`, `read_self`, `update_self`, `delete_self`, `create_others`, `read_others`, `update_others`, `delete_others`) VALUES (14, DEFAULT, DEFAULT, 1, 0, 1, 1, 0, 1, 1, 1);
INSERT INTO `my_uni`.`permission` (`id`, `created_at`, `updated_at`, `create_self`, `read_self`, `update_self`, `delete_self`, `create_others`, `read_others`, `update_others`, `delete_others`) VALUES (15, DEFAULT, DEFAULT, 1, 1, 0, 0, 1, 0, 0, 0);
INSERT INTO `my_uni`.`permission` (`id`, `created_at`, `updated_at`, `create_self`, `read_self`, `update_self`, `delete_self`, `create_others`, `read_others`, `update_others`, `delete_others`) VALUES (16, DEFAULT, DEFAULT, 1, 1, 1, 1, 1, 1, 1, 0);
INSERT INTO `my_uni`.`permission` (`id`, `created_at`, `updated_at`, `create_self`, `read_self`, `update_self`, `delete_self`, `create_others`, `read_others`, `update_others`, `delete_others`) VALUES (17, DEFAULT, DEFAULT, 1, 0, 0, 0, 0, 0, 0, 0);
INSERT INTO `my_uni`.`permission` (`id`, `created_at`, `updated_at`, `create_self`, `read_self`, `update_self`, `delete_self`, `create_others`, `read_others`, `update_others`, `delete_others`) VALUES (18, DEFAULT, DEFAULT, 1, 1, 1, 0, 1, 1, 1, 1);
INSERT INTO `my_uni`.`permission` (`id`, `created_at`, `updated_at`, `create_self`, `read_self`, `update_self`, `delete_self`, `create_others`, `read_others`, `update_others`, `delete_others`) VALUES (19, DEFAULT, DEFAULT, 1, 1, 1, 1, 1, 1, 1, 1);

COMMIT;


-- -----------------------------------------------------
-- Data for table `my_uni`.`user_role`
-- -----------------------------------------------------
START TRANSACTION;
USE `my_uni`;
INSERT INTO `my_uni`.`user_role` (`id`, `created_at`, `updated_at`, `name`, `description`, `is_staff`, `can_edit_options`, `user_role`, `user`, `department`, `course`, `semester`, `course_offering`, `group`, `semester_enrollment`, `cource_offering_enrollment`) VALUES (1, DEFAULT, DEFAULT, 'TA', 'Teacher Assistant', 1, 1, 1, 2, 3, 4, 5, 6, 7, 8, 9);
INSERT INTO `my_uni`.`user_role` (`id`, `created_at`, `updated_at`, `name`, `description`, `is_staff`, `can_edit_options`, `user_role`, `user`, `department`, `course`, `semester`, `course_offering`, `group`, `semester_enrollment`, `cource_offering_enrollment`) VALUES (2, DEFAULT, DEFAULT, 'Student', 'student', 0, 0, 10, 11, 12, 13, 14, 15, 16, 17, 19);

COMMIT;


-- -----------------------------------------------------
-- Data for table `my_uni`.`user`
-- -----------------------------------------------------
START TRANSACTION;
USE `my_uni`;
INSERT INTO `my_uni`.`user` (`id`, `created_at`, `updated_at`, `name`, `email`, `birth_date`, `password`, `gender`, `phone`, `department_id`, `user_role_id`, `email_valid`, `phone_valid`) VALUES (1, DEFAULT, DEFAULT, 'Abdo Mamdouh', 'Abdo@gmail.com', '1996-11-15', '$2a$12$qURdqscc6lFFmfPWmeOJdOjP2anmpDvR3hXCSg5CNu.CmPTvgi/lC', 1, 312421564, 1, 1, 1, 1);
INSERT INTO `my_uni`.`user` (`id`, `created_at`, `updated_at`, `name`, `email`, `birth_date`, `password`, `gender`, `phone`, `department_id`, `user_role_id`, `email_valid`, `phone_valid`) VALUES (2, DEFAULT, DEFAULT, 'Marc Wafik', 'Mark@gmail.com', '1996-11-15', '$2a$12$qURdqscc6lFFmfPWmeOJdOjP2anmpDvR3hXCSg5CNu.CmPTvgi/lC', 1, 011208155, 2, 2, 1, 1);
INSERT INTO `my_uni`.`user` (`id`, `created_at`, `updated_at`, `name`, `email`, `birth_date`, `password`, `gender`, `phone`, `department_id`, `user_role_id`, `email_valid`, `phone_valid`) VALUES (3, DEFAULT, DEFAULT, 'Abdelrahman Abdelhameed', 'Google@gmail.com', '1996-11-15', '$2a$12$qURdqscc6lFFmfPWmeOJdOjP2anmpDvR3hXCSg5CNu.CmPTvgi/lC', 1, 421343466, 1, 1, 1, 1);
INSERT INTO `my_uni`.`user` (`id`, `created_at`, `updated_at`, `name`, `email`, `birth_date`, `password`, `gender`, `phone`, `department_id`, `user_role_id`, `email_valid`, `phone_valid`) VALUES (4, DEFAULT, DEFAULT, 'Mohamed Magdy', 'Magdy@gmail.com', '1996-11-15', '$2a$12$qURdqscc6lFFmfPWmeOJdOjP2anmpDvR3hXCSg5CNu.CmPTvgi/lC', 1, 532452345, 2, 2, 1, 1);

COMMIT;


-- -----------------------------------------------------
-- Data for table `my_uni`.`course`
-- -----------------------------------------------------
START TRANSACTION;
USE `my_uni`;
INSERT INTO `my_uni`.`course` (`id`, `created_at`, `updated_at`, `name`, `code`, `description`, `credit_hours`, `level`, `department_id`) VALUES (1, DEFAULT, DEFAULT, 'Introduction to Software Engineering', 'CSSE1001', 'Introduction to Software Engineering', 3, 3, 1);
INSERT INTO `my_uni`.`course` (`id`, `created_at`, `updated_at`, `name`, `code`, `description`, `credit_hours`, `level`, `department_id`) VALUES (2, DEFAULT, DEFAULT, 'Introduction to Information Systems', 'INFS1200	', 'Introduction to Information Systems', 3, 2, 1);
INSERT INTO `my_uni`.`course` (`id`, `created_at`, `updated_at`, `name`, `code`, `description`, `credit_hours`, `level`, `department_id`) VALUES (3, DEFAULT, DEFAULT, 'Discrete Mathematics', 'MATH1061	', 'Discrete Mathematics', 3, 1, 1);
INSERT INTO `my_uni`.`course` (`id`, `created_at`, `updated_at`, `name`, `code`, `description`, `credit_hours`, `level`, `department_id`) VALUES (4, DEFAULT, DEFAULT, 'Algorithms & Data Structures', 'COMP3506	', 'Algorithms & Data Structures', 3, 2, 1);
INSERT INTO `my_uni`.`course` (`id`, `created_at`, `updated_at`, `name`, `code`, `description`, `credit_hours`, `level`, `department_id`) VALUES (5, DEFAULT, DEFAULT, 'Programming in the Large', 'CSSE2002	', 'Programming in the Large', 3, 2, 1);
INSERT INTO `my_uni`.`course` (`id`, `created_at`, `updated_at`, `name`, `code`, `description`, `credit_hours`, `level`, `department_id`) VALUES (6, DEFAULT, DEFAULT, 'Introduction to Computer Systems', 'CSSE2010	', 'Introduction to Computer Systems', 3, 3, 1);
INSERT INTO `my_uni`.`course` (`id`, `created_at`, `updated_at`, `name`, `code`, `description`, `credit_hours`, `level`, `department_id`) VALUES (7, DEFAULT, DEFAULT, 'Design Computing Studio 3 - Build', 'DECO3801	', 'Design Computing Studio 3 - Build', 3, 3, 1);
INSERT INTO `my_uni`.`course` (`id`, `created_at`, `updated_at`, `name`, `code`, `description`, `credit_hours`, `level`, `department_id`) VALUES (8, DEFAULT, DEFAULT, 'Computer Systems Principles and Programming', 'CSSE2310	', 'Computer Systems Principles and Programming', 3, 2, 1);
INSERT INTO `my_uni`.`course` (`id`, `created_at`, `updated_at`, `name`, `code`, `description`, `credit_hours`, `level`, `department_id`) VALUES (9, DEFAULT, DEFAULT, 'Human-Computer Interaction', 'DECO2500	', 'Human-Computer Interaction', 3, 4, 1);
INSERT INTO `my_uni`.`course` (`id`, `created_at`, `updated_at`, `name`, `code`, `description`, `credit_hours`, `level`, `department_id`) VALUES (10, DEFAULT, DEFAULT, 'Design Computing Studio 2 - Testing & Evaluation', 'DECO2800	', 'Design Computing Studio 2 - Testing & Evaluation', 3, 4, 1);
INSERT INTO `my_uni`.`course` (`id`, `created_at`, `updated_at`, `name`, `code`, `description`, `credit_hours`, `level`, `department_id`) VALUES (11, DEFAULT, DEFAULT, 'Relational Database Systems', 'INFS2200	', 'Relational Database Systems', 3, 3, 1);
INSERT INTO `my_uni`.`course` (`id`, `created_at`, `updated_at`, `name`, `code`, `description`, `credit_hours`, `level`, `department_id`) VALUES (12, DEFAULT, DEFAULT, 'Operating Systems Architecture', 'COMP3301	', 'Operating Systems Architecture', 3, 3, 1);
INSERT INTO `my_uni`.`course` (`id`, `created_at`, `updated_at`, `name`, `code`, `description`, `credit_hours`, `level`, `department_id`) VALUES (13, DEFAULT, DEFAULT, 'Artificial Intelligence', 'COMP3702	', 'Artificial Intelligence', 3, 3, 1);
INSERT INTO `my_uni`.`course` (`id`, `created_at`, `updated_at`, `name`, `code`, `description`, `credit_hours`, `level`, `department_id`) VALUES (14, DEFAULT, DEFAULT, 'Information Security', 'COMS3000	', 'Information Security', 3, 3, 1);
INSERT INTO `my_uni`.`course` (`id`, `created_at`, `updated_at`, `name`, `code`, `description`, `credit_hours`, `level`, `department_id`) VALUES (15, DEFAULT, DEFAULT, 'Computer Networks I', 'COMS3200	', 'Computer Networks I', 3, 2, 1);
INSERT INTO `my_uni`.`course` (`id`, `created_at`, `updated_at`, `name`, `code`, `description`, `credit_hours`, `level`, `department_id`) VALUES (16, DEFAULT, DEFAULT, 'Visualization, Computer Graphics & Data Analysis', 'COSC3000	', 'Visualization, Computer Graphics & Data Analysis', 3, 3, 1);
INSERT INTO `my_uni`.`course` (`id`, `created_at`, `updated_at`, `name`, `code`, `description`, `credit_hours`, `level`, `department_id`) VALUES (17, DEFAULT, DEFAULT, 'High-Performance Computing', 'COSC3500	', 'High-Performance Computing', 3, 4, 1);
INSERT INTO `my_uni`.`course` (`id`, `created_at`, `updated_at`, `name`, `code`, `description`, `credit_hours`, `level`, `department_id`) VALUES (18, DEFAULT, DEFAULT, 'The Software Process', 'CSSE3002	', 'The Software Process', 3, 4, 1);
INSERT INTO `my_uni`.`course` (`id`, `created_at`, `updated_at`, `name`, `code`, `description`, `credit_hours`, `level`, `department_id`) VALUES (19, DEFAULT, DEFAULT, 'Reasoning About Programs', 'CSSE3100	', 'Reasoning About Programs', 3, 4, 1);

COMMIT;


-- -----------------------------------------------------
-- Data for table `my_uni`.`prerequisite`
-- -----------------------------------------------------
START TRANSACTION;
USE `my_uni`;
INSERT INTO `my_uni`.`prerequisite` (`course_id`, `prerequisite_id`, `created_at`, `updated_at`) VALUES (9, 1, DEFAULT, DEFAULT);
INSERT INTO `my_uni`.`prerequisite` (`course_id`, `prerequisite_id`, `created_at`, `updated_at`) VALUES (6, 2, DEFAULT, DEFAULT);
INSERT INTO `my_uni`.`prerequisite` (`course_id`, `prerequisite_id`, `created_at`, `updated_at`) VALUES (5, 4, DEFAULT, DEFAULT);
INSERT INTO `my_uni`.`prerequisite` (`course_id`, `prerequisite_id`, `created_at`, `updated_at`) VALUES (3, 7, DEFAULT, DEFAULT);
INSERT INTO `my_uni`.`prerequisite` (`course_id`, `prerequisite_id`, `created_at`, `updated_at`) VALUES (15, 8, DEFAULT, DEFAULT);
INSERT INTO `my_uni`.`prerequisite` (`course_id`, `prerequisite_id`, `created_at`, `updated_at`) VALUES (16, 9, DEFAULT, DEFAULT);
INSERT INTO `my_uni`.`prerequisite` (`course_id`, `prerequisite_id`, `created_at`, `updated_at`) VALUES (17, 10, DEFAULT, DEFAULT);

COMMIT;


-- -----------------------------------------------------
-- Data for table `my_uni`.`semester`
-- -----------------------------------------------------
START TRANSACTION;
USE `my_uni`;
INSERT INTO `my_uni`.`semester` (`id`, `created_at`, `updated_at`, `year`, `name`, `max_credit_hour`, `start_date`, `end_date`, `registration_start_date`, `registration_end_date`, `department_id`) VALUES (1, DEFAULT, DEFAULT, 2016, 'Fall', 30, '2016-09-15 00:00:00', '2017-1-15 00:00:00', '2016-09-14 00:00:00', '2016-09-30 00:00:00', 1);
INSERT INTO `my_uni`.`semester` (`id`, `created_at`, `updated_at`, `year`, `name`, `max_credit_hour`, `start_date`, `end_date`, `registration_start_date`, `registration_end_date`, `department_id`) VALUES (2, DEFAULT, DEFAULT, 2017, 'Summer', 30, '2017-06-15 00:00:00', '2017-08-15 00:00:00', '2017-05-14 00:00:00', '2017-06-30 00:00:00', 2);

COMMIT;


-- -----------------------------------------------------
-- Data for table `my_uni`.`course_offering`
-- -----------------------------------------------------
START TRANSACTION;
USE `my_uni`;
INSERT INTO `my_uni`.`course_offering` (`id`, `created_at`, `updated_at`, `course_id`, `semester_id`) VALUES (1, DEFAULT, DEFAULT, 8, 1);
INSERT INTO `my_uni`.`course_offering` (`id`, `created_at`, `updated_at`, `course_id`, `semester_id`) VALUES (2, DEFAULT, DEFAULT, 9, 2);
INSERT INTO `my_uni`.`course_offering` (`id`, `created_at`, `updated_at`, `course_id`, `semester_id`) VALUES (3, DEFAULT, DEFAULT, 7, 1);
INSERT INTO `my_uni`.`course_offering` (`id`, `created_at`, `updated_at`, `course_id`, `semester_id`) VALUES (4, DEFAULT, DEFAULT, 3, 2);
INSERT INTO `my_uni`.`course_offering` (`id`, `created_at`, `updated_at`, `course_id`, `semester_id`) VALUES (5, DEFAULT, DEFAULT, 4, 2);
INSERT INTO `my_uni`.`course_offering` (`id`, `created_at`, `updated_at`, `course_id`, `semester_id`) VALUES (6, DEFAULT, DEFAULT, 5, 1);
INSERT INTO `my_uni`.`course_offering` (`id`, `created_at`, `updated_at`, `course_id`, `semester_id`) VALUES (7, DEFAULT, DEFAULT, 6, 1);
INSERT INTO `my_uni`.`course_offering` (`id`, `created_at`, `updated_at`, `course_id`, `semester_id`) VALUES (8, DEFAULT, DEFAULT, 11, 2);
INSERT INTO `my_uni`.`course_offering` (`id`, `created_at`, `updated_at`, `course_id`, `semester_id`) VALUES (9, DEFAULT, DEFAULT, 15, 1);
INSERT INTO `my_uni`.`course_offering` (`id`, `created_at`, `updated_at`, `course_id`, `semester_id`) VALUES (10, DEFAULT, DEFAULT, 19, 1);
INSERT INTO `my_uni`.`course_offering` (`id`, `created_at`, `updated_at`, `course_id`, `semester_id`) VALUES (11, DEFAULT, DEFAULT, 12, 2);

COMMIT;


-- -----------------------------------------------------
-- Data for table `my_uni`.`group`
-- -----------------------------------------------------
START TRANSACTION;
USE `my_uni`;
INSERT INTO `my_uni`.`group` (`id`, `created_at`, `updated_at`, `name`, `max_students`, `slot`, `day_of_week`, `course_offering_id`, `group_id`) VALUES (1, DEFAULT, DEFAULT, 'A', 100, 1, 1, 1, NULL);
INSERT INTO `my_uni`.`group` (`id`, `created_at`, `updated_at`, `name`, `max_students`, `slot`, `day_of_week`, `course_offering_id`, `group_id`) VALUES (2, DEFAULT, DEFAULT, 'B', 100, 2, 2, 2, NULL);
INSERT INTO `my_uni`.`group` (`id`, `created_at`, `updated_at`, `name`, `max_students`, `slot`, `day_of_week`, `course_offering_id`, `group_id`) VALUES (3, DEFAULT, DEFAULT, 'C', 100, 3, 3, 3, NULL);
INSERT INTO `my_uni`.`group` (`id`, `created_at`, `updated_at`, `name`, `max_students`, `slot`, `day_of_week`, `course_offering_id`, `group_id`) VALUES (4, DEFAULT, DEFAULT, 'D', 100, 3, 4, 4, NULL);
INSERT INTO `my_uni`.`group` (`id`, `created_at`, `updated_at`, `name`, `max_students`, `slot`, `day_of_week`, `course_offering_id`, `group_id`) VALUES (5, DEFAULT, DEFAULT, 'E', 100, 3, 5, 5, NULL);
INSERT INTO `my_uni`.`group` (`id`, `created_at`, `updated_at`, `name`, `max_students`, `slot`, `day_of_week`, `course_offering_id`, `group_id`) VALUES (6, DEFAULT, DEFAULT, 'F', 100, 2, 5, 6, NULL);
INSERT INTO `my_uni`.`group` (`id`, `created_at`, `updated_at`, `name`, `max_students`, `slot`, `day_of_week`, `course_offering_id`, `group_id`) VALUES (7, DEFAULT, DEFAULT, 'G', 100, 2, 1, 7, NULL);
INSERT INTO `my_uni`.`group` (`id`, `created_at`, `updated_at`, `name`, `max_students`, `slot`, `day_of_week`, `course_offering_id`, `group_id`) VALUES (8, DEFAULT, DEFAULT, 'H', 100, 2, 2, 8, NULL);
INSERT INTO `my_uni`.`group` (`id`, `created_at`, `updated_at`, `name`, `max_students`, `slot`, `day_of_week`, `course_offering_id`, `group_id`) VALUES (9, DEFAULT, DEFAULT, 'I', 100, 1, 3, 9, NULL);
INSERT INTO `my_uni`.`group` (`id`, `created_at`, `updated_at`, `name`, `max_students`, `slot`, `day_of_week`, `course_offering_id`, `group_id`) VALUES (10, DEFAULT, DEFAULT, 'J', 100, 1, 4, 10, NULL);
INSERT INTO `my_uni`.`group` (`id`, `created_at`, `updated_at`, `name`, `max_students`, `slot`, `day_of_week`, `course_offering_id`, `group_id`) VALUES (11, DEFAULT, DEFAULT, 'K', 100, 2, 5, 11, NULL);

COMMIT;


-- -----------------------------------------------------
-- Data for table `my_uni`.`semester_enrollment`
-- -----------------------------------------------------
START TRANSACTION;
USE `my_uni`;
INSERT INTO `my_uni`.`semester_enrollment` (`id`, `created_at`, `updated_at`, `user_id`, `semester_id`) VALUES (1, DEFAULT, DEFAULT, 1, 1);
INSERT INTO `my_uni`.`semester_enrollment` (`id`, `created_at`, `updated_at`, `user_id`, `semester_id`) VALUES (2, DEFAULT, DEFAULT, 2, 2);
INSERT INTO `my_uni`.`semester_enrollment` (`id`, `created_at`, `updated_at`, `user_id`, `semester_id`) VALUES (3, DEFAULT, DEFAULT, 3, 1);
INSERT INTO `my_uni`.`semester_enrollment` (`id`, `created_at`, `updated_at`, `user_id`, `semester_id`) VALUES (4, DEFAULT, DEFAULT, 4, 2);

COMMIT;


-- -----------------------------------------------------
-- Data for table `my_uni`.`course_offering_enrollment`
-- -----------------------------------------------------
START TRANSACTION;
USE `my_uni`;
INSERT INTO `my_uni`.`course_offering_enrollment` (`id`, `created_at`, `updated_at`, `course_offering_id`, `group_id`, `section_id`, `total_grade`, `letter_grade`, `user_id`, `semester_id`) VALUES (1, DEFAULT, DEFAULT, 6, 1, 1, 90, 'A', 1, 1);
INSERT INTO `my_uni`.`course_offering_enrollment` (`id`, `created_at`, `updated_at`, `course_offering_id`, `group_id`, `section_id`, `total_grade`, `letter_grade`, `user_id`, `semester_id`) VALUES (2, DEFAULT, DEFAULT, 5, 2, 2, 80, 'B', 2, 2);
INSERT INTO `my_uni`.`course_offering_enrollment` (`id`, `created_at`, `updated_at`, `course_offering_id`, `group_id`, `section_id`, `total_grade`, `letter_grade`, `user_id`, `semester_id`) VALUES (3, DEFAULT, DEFAULT, 7, 1, 2, 85, 'B+', 1, 2);
INSERT INTO `my_uni`.`course_offering_enrollment` (`id`, `created_at`, `updated_at`, `course_offering_id`, `group_id`, `section_id`, `total_grade`, `letter_grade`, `user_id`, `semester_id`) VALUES (4, DEFAULT, DEFAULT, 2, 2, 2, 95, 'A+', 1, 2);
INSERT INTO `my_uni`.`course_offering_enrollment` (`id`, `created_at`, `updated_at`, `course_offering_id`, `group_id`, `section_id`, `total_grade`, `letter_grade`, `user_id`, `semester_id`) VALUES (5, DEFAULT, DEFAULT, 1, 2, 1, 60, 'C-', 3, 1);
INSERT INTO `my_uni`.`course_offering_enrollment` (`id`, `created_at`, `updated_at`, `course_offering_id`, `group_id`, `section_id`, `total_grade`, `letter_grade`, `user_id`, `semester_id`) VALUES (6, DEFAULT, DEFAULT, 3, 1, 1, 70, 'C+', 2, 1);
INSERT INTO `my_uni`.`course_offering_enrollment` (`id`, `created_at`, `updated_at`, `course_offering_id`, `group_id`, `section_id`, `total_grade`, `letter_grade`, `user_id`, `semester_id`) VALUES (7, DEFAULT, DEFAULT, 4, 2, 2, 75, 'B', 1, 2);
INSERT INTO `my_uni`.`course_offering_enrollment` (`id`, `created_at`, `updated_at`, `course_offering_id`, `group_id`, `section_id`, `total_grade`, `letter_grade`, `user_id`, `semester_id`) VALUES (8, DEFAULT, DEFAULT, 11, 1, 2, 65, 'C', 3, 1);

COMMIT;


-- -----------------------------------------------------
-- Data for table `my_uni`.`course_offering_staff`
-- -----------------------------------------------------
START TRANSACTION;
USE `my_uni`;
INSERT INTO `my_uni`.`course_offering_staff` (`user_id`, `course_offering_id`, `created_at`, `updated_at`) VALUES (1, 1, DEFAULT, DEFAULT);
INSERT INTO `my_uni`.`course_offering_staff` (`user_id`, `course_offering_id`, `created_at`, `updated_at`) VALUES (2, 2, DEFAULT, DEFAULT);
INSERT INTO `my_uni`.`course_offering_staff` (`user_id`, `course_offering_id`, `created_at`, `updated_at`) VALUES (3, 4, DEFAULT, DEFAULT);
INSERT INTO `my_uni`.`course_offering_staff` (`user_id`, `course_offering_id`, `created_at`, `updated_at`) VALUES (1, 5, DEFAULT, DEFAULT);
INSERT INTO `my_uni`.`course_offering_staff` (`user_id`, `course_offering_id`, `created_at`, `updated_at`) VALUES (3, 3, DEFAULT, DEFAULT);
INSERT INTO `my_uni`.`course_offering_staff` (`user_id`, `course_offering_id`, `created_at`, `updated_at`) VALUES (4, 8, DEFAULT, DEFAULT);
INSERT INTO `my_uni`.`course_offering_staff` (`user_id`, `course_offering_id`, `created_at`, `updated_at`) VALUES (2, 10, DEFAULT, DEFAULT);
INSERT INTO `my_uni`.`course_offering_staff` (`user_id`, `course_offering_id`, `created_at`, `updated_at`) VALUES (1, 6, DEFAULT, DEFAULT);
INSERT INTO `my_uni`.`course_offering_staff` (`user_id`, `course_offering_id`, `created_at`, `updated_at`) VALUES (3, 7, DEFAULT, DEFAULT);
INSERT INTO `my_uni`.`course_offering_staff` (`user_id`, `course_offering_id`, `created_at`, `updated_at`) VALUES (2, 9, DEFAULT, DEFAULT);

COMMIT;

